"filename", "language", "XML", "C#", "JSON", "JavaScript", "Markdown", "CSS", "ASP.NET Razor", "comment", "blank", "total"
"c:\Users\User\Desktop\KTU_BAKALAURAS\BAKALAURAS\LearnProgramming\LearnProgramming.Core\Commands\Login.cs", "C#", 0, 16, 0, 0, 0, 0, 0, 0, 1, 17
"c:\Users\User\Desktop\KTU_BAKALAURAS\BAKALAURAS\LearnProgramming\LearnProgramming.Core\Commands\Register.cs", "C#", 0, 26, 0, 0, 0, 0, 0, 0, 1, 27
"c:\Users\User\Desktop\KTU_BAKALAURAS\BAKALAURAS\LearnProgramming\LearnProgramming.Core\Dto\AuthDto.cs", "C#", 0, 10, 0, 0, 0, 0, 0, 0, 2, 12
"c:\Users\User\Desktop\KTU_BAKALAURAS\BAKALAURAS\LearnProgramming\LearnProgramming.Core\Dto\DtoPost\LearningTopicsPostDto.cs", "C#", 0, 14, 0, 0, 0, 0, 0, 0, 2, 16
"c:\Users\User\Desktop\KTU_BAKALAURAS\BAKALAURAS\LearnProgramming\LearnProgramming.Core\Dto\DtoPost\ProgrammingTaskPostDto.cs", "C#", 0, 15, 0, 0, 0, 0, 0, 0, 2, 17
"c:\Users\User\Desktop\KTU_BAKALAURAS\BAKALAURAS\LearnProgramming\LearnProgramming.Core\Dto\DtoPost\ShippingInformationPostDto.cs", "C#", 0, 22, 0, 0, 0, 0, 0, 0, 3, 25
"c:\Users\User\Desktop\KTU_BAKALAURAS\BAKALAURAS\LearnProgramming\LearnProgramming.Core\Dto\DtoPost\ShoppingCartItemPostDto.cs", "C#", 0, 12, 0, 0, 0, 0, 0, 0, 2, 14
"c:\Users\User\Desktop\KTU_BAKALAURAS\BAKALAURAS\LearnProgramming\LearnProgramming.Core\Dto\DtoPost\SubTopicPostDto.cs", "C#", 0, 13, 0, 0, 0, 0, 0, 0, 3, 16
"c:\Users\User\Desktop\KTU_BAKALAURAS\BAKALAURAS\LearnProgramming\LearnProgramming.Core\Dto\DtoPost\SubmissionPostDto.cs", "C#", 0, 13, 0, 0, 0, 0, 0, 0, 2, 15
"c:\Users\User\Desktop\KTU_BAKALAURAS\BAKALAURAS\LearnProgramming\LearnProgramming.Core\Dto\DtoUpdate\SubTopicUpdateDto.cs", "C#", 0, 12, 0, 0, 0, 0, 0, 0, 2, 14
"c:\Users\User\Desktop\KTU_BAKALAURAS\BAKALAURAS\LearnProgramming\LearnProgramming.Core\Dto\DtoUpdate\UserAvatarDto.cs", "C#", 0, 12, 0, 0, 0, 0, 0, 0, 2, 14
"c:\Users\User\Desktop\KTU_BAKALAURAS\BAKALAURAS\LearnProgramming\LearnProgramming.Core\Dto\DtoUpdate\UserPasswordDto.cs", "C#", 0, 14, 0, 0, 0, 0, 0, 0, 2, 16
"c:\Users\User\Desktop\KTU_BAKALAURAS\BAKALAURAS\LearnProgramming\LearnProgramming.Core\Dto\DtoUpdate\UserUpdateDto.cs", "C#", 0, 16, 0, 0, 0, 0, 0, 0, 2, 18
"c:\Users\User\Desktop\KTU_BAKALAURAS\BAKALAURAS\LearnProgramming\LearnProgramming.Core\Dto\ErrorDto.cs", "C#", 0, 9, 0, 0, 0, 0, 0, 0, 2, 11
"c:\Users\User\Desktop\KTU_BAKALAURAS\BAKALAURAS\LearnProgramming\LearnProgramming.Core\Dto\LearningTopicsDto.cs", "C#", 0, 18, 0, 0, 0, 0, 0, 0, 3, 21
"c:\Users\User\Desktop\KTU_BAKALAURAS\BAKALAURAS\LearnProgramming\LearnProgramming.Core\Dto\OrderDto.cs", "C#", 0, 11, 0, 0, 0, 0, 0, 0, 2, 13
"c:\Users\User\Desktop\KTU_BAKALAURAS\BAKALAURAS\LearnProgramming\LearnProgramming.Core\Dto\OrderItemDto.cs", "C#", 0, 11, 0, 0, 0, 0, 0, 0, 2, 13
"c:\Users\User\Desktop\KTU_BAKALAURAS\BAKALAURAS\LearnProgramming\LearnProgramming.Core\Dto\ProductDto.cs", "C#", 0, 21, 0, 0, 0, 0, 0, 0, 2, 23
"c:\Users\User\Desktop\KTU_BAKALAURAS\BAKALAURAS\LearnProgramming\LearnProgramming.Core\Dto\ProgrammingTaskDto.cs", "C#", 0, 13, 0, 0, 0, 0, 0, 0, 2, 15
"c:\Users\User\Desktop\KTU_BAKALAURAS\BAKALAURAS\LearnProgramming\LearnProgramming.Core\Dto\ShoppingCartDto.cs", "C#", 0, 27, 0, 0, 0, 0, 0, 0, 3, 30
"c:\Users\User\Desktop\KTU_BAKALAURAS\BAKALAURAS\LearnProgramming\LearnProgramming.Core\Dto\ShoppingCartItemDto.cs", "C#", 0, 15, 0, 0, 0, 0, 0, 0, 2, 17
"c:\Users\User\Desktop\KTU_BAKALAURAS\BAKALAURAS\LearnProgramming\LearnProgramming.Core\Dto\SubTopicDto.cs", "C#", 0, 14, 0, 0, 0, 0, 0, 0, 2, 16
"c:\Users\User\Desktop\KTU_BAKALAURAS\BAKALAURAS\LearnProgramming\LearnProgramming.Core\Dto\SubmissionDto.cs", "C#", 0, 14, 0, 0, 0, 0, 0, 0, 3, 17
"c:\Users\User\Desktop\KTU_BAKALAURAS\BAKALAURAS\LearnProgramming\LearnProgramming.Core\Dto\SubmissionUserDto.cs", "C#", 0, 13, 0, 0, 0, 0, 0, 0, 2, 15
"c:\Users\User\Desktop\KTU_BAKALAURAS\BAKALAURAS\LearnProgramming\LearnProgramming.Core\Dto\UserDto.cs", "C#", 0, 20, 0, 0, 0, 0, 0, 0, 3, 23
"c:\Users\User\Desktop\KTU_BAKALAURAS\BAKALAURAS\LearnProgramming\LearnProgramming.Core\Interfaces\IHashServ.cs", "C#", 0, 14, 0, 0, 0, 0, 0, 0, 4, 18
"c:\Users\User\Desktop\KTU_BAKALAURAS\BAKALAURAS\LearnProgramming\LearnProgramming.Core\Interfaces\IJwtServ.cs", "C#", 0, 14, 0, 0, 0, 0, 0, 0, 2, 16
"c:\Users\User\Desktop\KTU_BAKALAURAS\BAKALAURAS\LearnProgramming\LearnProgramming.Core\Interfaces\ILearningTopicsRep.cs", "C#", 0, 21, 0, 0, 0, 0, 0, 0, 2, 23
"c:\Users\User\Desktop\KTU_BAKALAURAS\BAKALAURAS\LearnProgramming\LearnProgramming.Core\Interfaces\IOrderItemRep.cs", "C#", 0, 15, 0, 0, 0, 0, 0, 0, 2, 17
"c:\Users\User\Desktop\KTU_BAKALAURAS\BAKALAURAS\LearnProgramming\LearnProgramming.Core\Interfaces\IOrderRep.cs", "C#", 0, 14, 0, 0, 0, 0, 0, 0, 2, 16
"c:\Users\User\Desktop\KTU_BAKALAURAS\BAKALAURAS\LearnProgramming\LearnProgramming.Core\Interfaces\IProductRep.cs", "C#", 0, 18, 0, 0, 0, 0, 0, 0, 2, 20
"c:\Users\User\Desktop\KTU_BAKALAURAS\BAKALAURAS\LearnProgramming\LearnProgramming.Core\Interfaces\IProgrammingTaskRep.cs", "C#", 0, 17, 0, 0, 0, 0, 0, 0, 2, 19
"c:\Users\User\Desktop\KTU_BAKALAURAS\BAKALAURAS\LearnProgramming\LearnProgramming.Core\Interfaces\IShippingInformationRep.cs", "C#", 0, 15, 0, 0, 0, 0, 0, 0, 2, 17
"c:\Users\User\Desktop\KTU_BAKALAURAS\BAKALAURAS\LearnProgramming\LearnProgramming.Core\Interfaces\IShoppingCartItemRep.cs", "C#", 0, 16, 0, 0, 0, 0, 0, 0, 2, 18
"c:\Users\User\Desktop\KTU_BAKALAURAS\BAKALAURAS\LearnProgramming\LearnProgramming.Core\Interfaces\ISubTopicsRep.cs", "C#", 0, 18, 0, 0, 0, 0, 0, 0, 3, 21
"c:\Users\User\Desktop\KTU_BAKALAURAS\BAKALAURAS\LearnProgramming\LearnProgramming.Core\Interfaces\ISubmissionRep.cs", "C#", 0, 15, 0, 0, 0, 0, 0, 0, 2, 17
"c:\Users\User\Desktop\KTU_BAKALAURAS\BAKALAURAS\LearnProgramming\LearnProgramming.Core\Interfaces\IUserRep.cs", "C#", 0, 18, 0, 0, 0, 0, 0, 0, 2, 20
"c:\Users\User\Desktop\KTU_BAKALAURAS\BAKALAURAS\LearnProgramming\LearnProgramming.Core\LearnProgramming.Core.csproj", "XML", 39, 0, 0, 0, 0, 0, 0, 0, 5, 44
"c:\Users\User\Desktop\KTU_BAKALAURAS\BAKALAURAS\LearnProgramming\LearnProgramming.Domain\Entities\LearningTopic.cs", "C#", 0, 17, 0, 0, 0, 0, 0, 0, 2, 19
"c:\Users\User\Desktop\KTU_BAKALAURAS\BAKALAURAS\LearnProgramming\LearnProgramming.Domain\Entities\Order.cs", "C#", 0, 12, 0, 0, 0, 0, 0, 0, 1, 13
"c:\Users\User\Desktop\KTU_BAKALAURAS\BAKALAURAS\LearnProgramming\LearnProgramming.Domain\Entities\OrderItem.cs", "C#", 0, 18, 0, 0, 0, 0, 0, 0, 2, 20
"c:\Users\User\Desktop\KTU_BAKALAURAS\BAKALAURAS\LearnProgramming\LearnProgramming.Domain\Entities\Product.cs", "C#", 0, 22, 0, 0, 0, 0, 0, 0, 2, 24
"c:\Users\User\Desktop\KTU_BAKALAURAS\BAKALAURAS\LearnProgramming\LearnProgramming.Domain\Entities\ProgrammingTask.cs", "C#", 0, 20, 0, 0, 0, 0, 0, 0, 2, 22
"c:\Users\User\Desktop\KTU_BAKALAURAS\BAKALAURAS\LearnProgramming\LearnProgramming.Domain\Entities\ShippingInformation.cs", "C#", 0, 24, 0, 0, 0, 0, 0, 0, 2, 26
"c:\Users\User\Desktop\KTU_BAKALAURAS\BAKALAURAS\LearnProgramming\LearnProgramming.Domain\Entities\ShoppingCartItem.cs", "C#", 0, 17, 0, 0, 0, 0, 0, 0, 2, 19
"c:\Users\User\Desktop\KTU_BAKALAURAS\BAKALAURAS\LearnProgramming\LearnProgramming.Domain\Entities\SubTopic.cs", "C#", 0, 15, 0, 0, 0, 0, 0, 0, 2, 17
"c:\Users\User\Desktop\KTU_BAKALAURAS\BAKALAURAS\LearnProgramming\LearnProgramming.Domain\Entities\Submission.cs", "C#", 0, 16, 0, 0, 0, 0, 0, 0, 3, 19
"c:\Users\User\Desktop\KTU_BAKALAURAS\BAKALAURAS\LearnProgramming\LearnProgramming.Domain\Entities\TeacherAndStudent.cs", "C#", 0, 14, 0, 0, 0, 0, 0, 0, 1, 15
"c:\Users\User\Desktop\KTU_BAKALAURAS\BAKALAURAS\LearnProgramming\LearnProgramming.Domain\Entities\User.cs", "C#", 0, 24, 0, 0, 0, 0, 0, 1, 3, 28
"c:\Users\User\Desktop\KTU_BAKALAURAS\BAKALAURAS\LearnProgramming\LearnProgramming.Domain\Enums\AllRoles.cs", "C#", 0, 14, 0, 0, 0, 0, 0, 0, 2, 16
"c:\Users\User\Desktop\KTU_BAKALAURAS\BAKALAURAS\LearnProgramming\LearnProgramming.Domain\Enums\BookCover.cs", "C#", 0, 13, 0, 0, 0, 0, 0, 0, 2, 15
"c:\Users\User\Desktop\KTU_BAKALAURAS\BAKALAURAS\LearnProgramming\LearnProgramming.Domain\Enums\Difficulty.cs", "C#", 0, 16, 0, 0, 0, 0, 0, 0, 2, 18
"c:\Users\User\Desktop\KTU_BAKALAURAS\BAKALAURAS\LearnProgramming\LearnProgramming.Domain\LearnProgramming.Domain.csproj", "XML", 36, 0, 0, 0, 0, 0, 0, 0, 4, 40
"c:\Users\User\Desktop\KTU_BAKALAURAS\BAKALAURAS\LearnProgramming\LearnProgramming.Infrastructure\AutoMapper\LearningTopicsProfile.cs", "C#", 0, 20, 0, 0, 0, 0, 0, 0, 2, 22
"c:\Users\User\Desktop\KTU_BAKALAURAS\BAKALAURAS\LearnProgramming\LearnProgramming.Infrastructure\AutoMapper\OrderItemProfile.cs", "C#", 0, 18, 0, 0, 0, 0, 0, 0, 2, 20
"c:\Users\User\Desktop\KTU_BAKALAURAS\BAKALAURAS\LearnProgramming\LearnProgramming.Infrastructure\AutoMapper\OrderProfile.cs", "C#", 0, 18, 0, 0, 0, 0, 0, 0, 2, 20
"c:\Users\User\Desktop\KTU_BAKALAURAS\BAKALAURAS\LearnProgramming\LearnProgramming.Infrastructure\AutoMapper\ProductProfile.cs", "C#", 0, 18, 0, 0, 0, 0, 0, 0, 2, 20
"c:\Users\User\Desktop\KTU_BAKALAURAS\BAKALAURAS\LearnProgramming\LearnProgramming.Infrastructure\AutoMapper\ProgrammingTask.cs", "C#", 0, 20, 0, 0, 0, 0, 0, 0, 2, 22
"c:\Users\User\Desktop\KTU_BAKALAURAS\BAKALAURAS\LearnProgramming\LearnProgramming.Infrastructure\AutoMapper\ShippingInformationProfile.cs", "C#", 0, 18, 0, 0, 0, 0, 0, 0, 2, 20
"c:\Users\User\Desktop\KTU_BAKALAURAS\BAKALAURAS\LearnProgramming\LearnProgramming.Infrastructure\AutoMapper\ShoppingCartItemProfile.cs", "C#", 0, 20, 0, 0, 0, 0, 0, 0, 4, 24
"c:\Users\User\Desktop\KTU_BAKALAURAS\BAKALAURAS\LearnProgramming\LearnProgramming.Infrastructure\AutoMapper\SubTopicsProfile.cs", "C#", 0, 20, 0, 0, 0, 0, 0, 0, 2, 22
"c:\Users\User\Desktop\KTU_BAKALAURAS\BAKALAURAS\LearnProgramming\LearnProgramming.Infrastructure\AutoMapper\SubmissionProfile.cs", "C#", 0, 21, 0, 0, 0, 0, 0, 0, 2, 23
"c:\Users\User\Desktop\KTU_BAKALAURAS\BAKALAURAS\LearnProgramming\LearnProgramming.Infrastructure\AutoMapper\UserProfile.cs", "C#", 0, 21, 0, 0, 0, 0, 0, 0, 2, 23
"c:\Users\User\Desktop\KTU_BAKALAURAS\BAKALAURAS\LearnProgramming\LearnProgramming.Infrastructure\Database\DatabaseContext.cs", "C#", 0, 25, 0, 0, 0, 0, 0, 0, 3, 28
"c:\Users\User\Desktop\KTU_BAKALAURAS\BAKALAURAS\LearnProgramming\LearnProgramming.Infrastructure\Database\DesignTimeDbContextFactory.cs", "C#", 0, 25, 0, 0, 0, 0, 0, 0, 2, 27
"c:\Users\User\Desktop\KTU_BAKALAURAS\BAKALAURAS\LearnProgramming\LearnProgramming.Infrastructure\LearnProgramming.Infrastructure.csproj", "XML", 45, 0, 0, 0, 0, 0, 0, 0, 6, 51
"c:\Users\User\Desktop\KTU_BAKALAURAS\BAKALAURAS\LearnProgramming\LearnProgramming.Infrastructure\Migrations\20230131194908_InitDatabase.Designer.cs", "C#", 0, 65, 0, 0, 0, 0, 0, 1, 18, 84
"c:\Users\User\Desktop\KTU_BAKALAURAS\BAKALAURAS\LearnProgramming\LearnProgramming.Infrastructure\Migrations\20230131194908_InitDatabase.cs", "C#", 0, 50, 0, 0, 0, 0, 0, 0, 5, 55
"c:\Users\User\Desktop\KTU_BAKALAURAS\BAKALAURAS\LearnProgramming\LearnProgramming.Infrastructure\Migrations\20230205161316_fixedUser.Designer.cs", "C#", 0, 71, 0, 0, 0, 0, 0, 1, 20, 92
"c:\Users\User\Desktop\KTU_BAKALAURAS\BAKALAURAS\LearnProgramming\LearnProgramming.Infrastructure\Migrations\20230205161316_fixedUser.cs", "C#", 0, 32, 0, 0, 0, 0, 0, 0, 6, 38
"c:\Users\User\Desktop\KTU_BAKALAURAS\BAKALAURAS\LearnProgramming\LearnProgramming.Infrastructure\Migrations\20230205180255_fixedSexNullable.Designer.cs", "C#", 0, 69, 0, 0, 0, 0, 0, 1, 19, 89
"c:\Users\User\Desktop\KTU_BAKALAURAS\BAKALAURAS\LearnProgramming\LearnProgramming.Infrastructure\Migrations\20230205180255_fixedSexNullable.cs", "C#", 0, 24, 0, 0, 0, 0, 0, 0, 4, 28
"c:\Users\User\Desktop\KTU_BAKALAURAS\BAKALAURAS\LearnProgramming\LearnProgramming.Infrastructure\Migrations\20230207164322_addedAvatarIntoUser.Designer.cs", "C#", 0, 72, 0, 0, 0, 0, 0, 1, 20, 93
"c:\Users\User\Desktop\KTU_BAKALAURAS\BAKALAURAS\LearnProgramming\LearnProgramming.Infrastructure\Migrations\20230207164322_addedAvatarIntoUser.cs", "C#", 0, 23, 0, 0, 0, 0, 0, 0, 4, 27
"c:\Users\User\Desktop\KTU_BAKALAURAS\BAKALAURAS\LearnProgramming\LearnProgramming.Infrastructure\Migrations\20230211165337_addedLearningTopics.Designer.cs", "C#", 0, 94, 0, 0, 0, 0, 0, 1, 29, 124
"c:\Users\User\Desktop\KTU_BAKALAURAS\BAKALAURAS\LearnProgramming\LearnProgramming.Infrastructure\Migrations\20230211165337_addedLearningTopics.cs", "C#", 0, 37, 0, 0, 0, 0, 0, 0, 4, 41
"c:\Users\User\Desktop\KTU_BAKALAURAS\BAKALAURAS\LearnProgramming\LearnProgramming.Infrastructure\Migrations\20230212125855_fixedLearningTopics.Designer.cs", "C#", 0, 94, 0, 0, 0, 0, 0, 1, 29, 124
"c:\Users\User\Desktop\KTU_BAKALAURAS\BAKALAURAS\LearnProgramming\LearnProgramming.Infrastructure\Migrations\20230212125855_fixedLearningTopics.cs", "C#", 0, 14, 0, 0, 0, 0, 0, 0, 6, 20
"c:\Users\User\Desktop\KTU_BAKALAURAS\BAKALAURAS\LearnProgramming\LearnProgramming.Infrastructure\Migrations\20230213104958_changedRoleToString.Designer.cs", "C#", 0, 181, 0, 0, 0, 0, 0, 1, 60, 242
"c:\Users\User\Desktop\KTU_BAKALAURAS\BAKALAURAS\LearnProgramming\LearnProgramming.Infrastructure\Migrations\20230213104958_changedRoleToString.cs", "C#", 0, 103, 0, 0, 0, 0, 0, 0, 10, 113
"c:\Users\User\Desktop\KTU_BAKALAURAS\BAKALAURAS\LearnProgramming\LearnProgramming.Infrastructure\Migrations\20230213105900_removedAvatarFromUser.Designer.cs", "C#", 0, 178, 0, 0, 0, 0, 0, 1, 59, 238
"c:\Users\User\Desktop\KTU_BAKALAURAS\BAKALAURAS\LearnProgramming\LearnProgramming.Infrastructure\Migrations\20230213105900_removedAvatarFromUser.cs", "C#", 0, 23, 0, 0, 0, 0, 0, 0, 4, 27
"c:\Users\User\Desktop\KTU_BAKALAURAS\BAKALAURAS\LearnProgramming\LearnProgramming.Infrastructure\Migrations\20230213174154_changedReleaseDate.Designer.cs", "C#", 0, 182, 0, 0, 0, 0, 0, 1, 60, 243
"c:\Users\User\Desktop\KTU_BAKALAURAS\BAKALAURAS\LearnProgramming\LearnProgramming.Infrastructure\Migrations\20230213174154_changedReleaseDate.cs", "C#", 0, 39, 0, 0, 0, 0, 0, 0, 6, 45
"c:\Users\User\Desktop\KTU_BAKALAURAS\BAKALAURAS\LearnProgramming\LearnProgramming.Infrastructure\Migrations\20230215172918_Changed column names.Designer.cs", "C#", 0, 186, 0, 0, 0, 0, 0, 1, 61, 248
"c:\Users\User\Desktop\KTU_BAKALAURAS\BAKALAURAS\LearnProgramming\LearnProgramming.Infrastructure\Migrations\20230215172918_Changed column names.cs", "C#", 0, 86, 0, 0, 0, 0, 0, 0, 18, 104
"c:\Users\User\Desktop\KTU_BAKALAURAS\BAKALAURAS\LearnProgramming\LearnProgramming.Infrastructure\Migrations\20230222173923_removedSex.Designer.cs", "C#", 0, 183, 0, 0, 0, 0, 0, 1, 60, 244
"c:\Users\User\Desktop\KTU_BAKALAURAS\BAKALAURAS\LearnProgramming\LearnProgramming.Infrastructure\Migrations\20230222173923_removedSex.cs", "C#", 0, 23, 0, 0, 0, 0, 0, 0, 4, 27
"c:\Users\User\Desktop\KTU_BAKALAURAS\BAKALAURAS\LearnProgramming\LearnProgramming.Infrastructure\Migrations\20230301205434_addedProduct.Designer.cs", "C#", 0, 263, 0, 0, 0, 0, 0, 1, 91, 355
"c:\Users\User\Desktop\KTU_BAKALAURAS\BAKALAURAS\LearnProgramming\LearnProgramming.Infrastructure\Migrations\20230301205434_addedProduct.cs", "C#", 0, 168, 0, 0, 0, 0, 0, 0, 16, 184
"c:\Users\User\Desktop\KTU_BAKALAURAS\BAKALAURAS\LearnProgramming\LearnProgramming.Infrastructure\Migrations\20230301214243_changedShoppingCartName.Designer.cs", "C#", 0, 263, 0, 0, 0, 0, 0, 1, 91, 355
"c:\Users\User\Desktop\KTU_BAKALAURAS\BAKALAURAS\LearnProgramming\LearnProgramming.Infrastructure\Migrations\20230301214243_changedShoppingCartName.cs", "C#", 0, 90, 0, 0, 0, 0, 0, 0, 10, 100
"c:\Users\User\Desktop\KTU_BAKALAURAS\BAKALAURAS\LearnProgramming\LearnProgramming.Infrastructure\Migrations\20230304130021_addedSubmissionsAndOther.Designer.cs", "C#", 0, 337, 0, 0, 0, 0, 0, 1, 117, 455
"c:\Users\User\Desktop\KTU_BAKALAURAS\BAKALAURAS\LearnProgramming\LearnProgramming.Infrastructure\Migrations\20230304130021_addedSubmissionsAndOther.cs", "C#", 0, 178, 0, 0, 0, 0, 0, 0, 28, 206
"c:\Users\User\Desktop\KTU_BAKALAURAS\BAKALAURAS\LearnProgramming\LearnProgramming.Infrastructure\Migrations\20230304164950_fixedLearningTopic.Designer.cs", "C#", 0, 331, 0, 0, 0, 0, 0, 1, 114, 446
"c:\Users\User\Desktop\KTU_BAKALAURAS\BAKALAURAS\LearnProgramming\LearnProgramming.Infrastructure\Migrations\20230304164950_fixedLearningTopic.cs", "C#", 0, 41, 0, 0, 0, 0, 0, 0, 8, 49
"c:\Users\User\Desktop\KTU_BAKALAURAS\BAKALAURAS\LearnProgramming\LearnProgramming.Infrastructure\Migrations\20230305124556_addedBookCoverEnum.Designer.cs", "C#", 0, 330, 0, 0, 0, 0, 0, 1, 114, 445
"c:\Users\User\Desktop\KTU_BAKALAURAS\BAKALAURAS\LearnProgramming\LearnProgramming.Infrastructure\Migrations\20230305124556_addedBookCoverEnum.cs", "C#", 0, 30, 0, 0, 0, 0, 0, 0, 4, 34
"c:\Users\User\Desktop\KTU_BAKALAURAS\BAKALAURAS\LearnProgramming\LearnProgramming.Infrastructure\Migrations\20230307162808_Added programming task entity.Designer.cs", "C#", 0, 338, 0, 0, 0, 0, 0, 1, 118, 457
"c:\Users\User\Desktop\KTU_BAKALAURAS\BAKALAURAS\LearnProgramming\LearnProgramming.Infrastructure\Migrations\20230307162808_Added programming task entity.cs", "C#", 0, 91, 0, 0, 0, 0, 0, 0, 9, 100
"c:\Users\User\Desktop\KTU_BAKALAURAS\BAKALAURAS\LearnProgramming\LearnProgramming.Infrastructure\Migrations\20230314183733_removedPicFromLearningTopics.Designer.cs", "C#", 0, 335, 0, 0, 0, 0, 0, 1, 117, 453
"c:\Users\User\Desktop\KTU_BAKALAURAS\BAKALAURAS\LearnProgramming\LearnProgramming.Infrastructure\Migrations\20230314183733_removedPicFromLearningTopics.cs", "C#", 0, 23, 0, 0, 0, 0, 0, 0, 4, 27
"c:\Users\User\Desktop\KTU_BAKALAURAS\BAKALAURAS\LearnProgramming\LearnProgramming.Infrastructure\Migrations\20230320185023_addedTeacherAndStudentRelatioship.Designer.cs", "C#", 0, 359, 0, 0, 0, 0, 0, 1, 126, 486
"c:\Users\User\Desktop\KTU_BAKALAURAS\BAKALAURAS\LearnProgramming\LearnProgramming.Infrastructure\Migrations\20230320185023_addedTeacherAndStudentRelatioship.cs", "C#", 0, 59, 0, 0, 0, 0, 0, 0, 10, 69
"c:\Users\User\Desktop\KTU_BAKALAURAS\BAKALAURAS\LearnProgramming\LearnProgramming.Infrastructure\Migrations\DatabaseContextModelSnapshot.cs", "C#", 0, 357, 0, 0, 0, 0, 0, 1, 126, 484
"c:\Users\User\Desktop\KTU_BAKALAURAS\BAKALAURAS\LearnProgramming\LearnProgramming.Infrastructure\Repositories\LearningTopicsRepository.cs", "C#", 0, 94, 0, 0, 0, 0, 0, 0, 18, 112
"c:\Users\User\Desktop\KTU_BAKALAURAS\BAKALAURAS\LearnProgramming\LearnProgramming.Infrastructure\Repositories\OrderItemRepository.cs", "C#", 0, 34, 0, 0, 0, 0, 0, 0, 9, 43
"c:\Users\User\Desktop\KTU_BAKALAURAS\BAKALAURAS\LearnProgramming\LearnProgramming.Infrastructure\Repositories\OrderRepository.cs", "C#", 0, 30, 0, 0, 0, 0, 0, 0, 6, 36
"c:\Users\User\Desktop\KTU_BAKALAURAS\BAKALAURAS\LearnProgramming\LearnProgramming.Infrastructure\Repositories\ProductRepository.cs", "C#", 0, 52, 0, 0, 0, 0, 0, 0, 13, 65
"c:\Users\User\Desktop\KTU_BAKALAURAS\BAKALAURAS\LearnProgramming\LearnProgramming.Infrastructure\Repositories\ProgrammingTaskRepository.cs", "C#", 0, 45, 0, 0, 0, 0, 0, 0, 9, 54
"c:\Users\User\Desktop\KTU_BAKALAURAS\BAKALAURAS\LearnProgramming\LearnProgramming.Infrastructure\Repositories\ShippingInformationRepository.cs", "C#", 0, 31, 0, 0, 0, 0, 0, 0, 8, 39
"c:\Users\User\Desktop\KTU_BAKALAURAS\BAKALAURAS\LearnProgramming\LearnProgramming.Infrastructure\Repositories\ShoppingCartItemRepository.cs", "C#", 0, 39, 0, 0, 0, 0, 0, 0, 9, 48
"c:\Users\User\Desktop\KTU_BAKALAURAS\BAKALAURAS\LearnProgramming\LearnProgramming.Infrastructure\Repositories\SubTopicsRepository.cs", "C#", 0, 55, 0, 0, 0, 0, 0, 0, 10, 65
"c:\Users\User\Desktop\KTU_BAKALAURAS\BAKALAURAS\LearnProgramming\LearnProgramming.Infrastructure\Repositories\SubmissionRepository.cs", "C#", 0, 36, 0, 0, 0, 0, 0, 0, 8, 44
"c:\Users\User\Desktop\KTU_BAKALAURAS\BAKALAURAS\LearnProgramming\LearnProgramming.Infrastructure\Repositories\UserRepository.cs", "C#", 0, 49, 0, 0, 0, 0, 0, 0, 18, 67
"c:\Users\User\Desktop\KTU_BAKALAURAS\BAKALAURAS\LearnProgramming\LearnProgramming.Infrastructure\Services\HashService.cs", "C#", 0, 28, 0, 0, 0, 0, 0, 0, 7, 35
"c:\Users\User\Desktop\KTU_BAKALAURAS\BAKALAURAS\LearnProgramming\LearnProgramming.Infrastructure\Services\JwtService.cs", "C#", 0, 46, 0, 0, 0, 0, 0, 0, 8, 54
"c:\Users\User\Desktop\KTU_BAKALAURAS\BAKALAURAS\LearnProgramming\LearnProgramming.Infrastructure\Settings\JwtSettings.cs", "C#", 0, 14, 0, 0, 0, 0, 0, 0, 2, 16
"c:\Users\User\Desktop\KTU_BAKALAURAS\BAKALAURAS\LearnProgramming\LearnProgramming\Controllers\LearningTopicsController.cs", "C#", 0, 87, 0, 0, 0, 0, 0, 0, 25, 112
"c:\Users\User\Desktop\KTU_BAKALAURAS\BAKALAURAS\LearnProgramming\LearnProgramming\Controllers\OrderController.cs", "C#", 0, 13, 0, 0, 0, 0, 0, 0, 2, 15
"c:\Users\User\Desktop\KTU_BAKALAURAS\BAKALAURAS\LearnProgramming\LearnProgramming\Controllers\OrderItemController.cs", "C#", 0, 9, 0, 0, 0, 0, 0, 0, 2, 11
"c:\Users\User\Desktop\KTU_BAKALAURAS\BAKALAURAS\LearnProgramming\LearnProgramming\Controllers\ProductController.cs", "C#", 0, 90, 0, 0, 0, 0, 0, 0, 25, 115
"c:\Users\User\Desktop\KTU_BAKALAURAS\BAKALAURAS\LearnProgramming\LearnProgramming\Controllers\ProgrammingTaskController.cs", "C#", 0, 100, 0, 0, 0, 0, 0, 0, 29, 129
"c:\Users\User\Desktop\KTU_BAKALAURAS\BAKALAURAS\LearnProgramming\LearnProgramming\Controllers\ShoppingCartController.cs", "C#", 0, 112, 0, 0, 0, 0, 0, 0, 23, 135
"c:\Users\User\Desktop\KTU_BAKALAURAS\BAKALAURAS\LearnProgramming\LearnProgramming\Controllers\SubTopicsController.cs", "C#", 0, 82, 0, 0, 0, 0, 0, 0, 28, 110
"c:\Users\User\Desktop\KTU_BAKALAURAS\BAKALAURAS\LearnProgramming\LearnProgramming\Controllers\SubmissionController.cs", "C#", 0, 63, 0, 0, 0, 0, 0, 0, 12, 75
"c:\Users\User\Desktop\KTU_BAKALAURAS\BAKALAURAS\LearnProgramming\LearnProgramming\Controllers\UserController.cs", "C#", 0, 137, 0, 0, 0, 0, 0, 0, 34, 171
"c:\Users\User\Desktop\KTU_BAKALAURAS\BAKALAURAS\LearnProgramming\LearnProgramming\LearnProgramming.API.csproj", "XML", 43, 0, 0, 0, 0, 0, 0, 0, 5, 48
"c:\Users\User\Desktop\KTU_BAKALAURAS\BAKALAURAS\LearnProgramming\LearnProgramming\Pages\Error.cshtml", "ASP.NET Razor", 0, 0, 0, 0, 0, 0, 23, 0, 4, 27
"c:\Users\User\Desktop\KTU_BAKALAURAS\BAKALAURAS\LearnProgramming\LearnProgramming\Pages\Error.cshtml.cs", "C#", 0, 22, 0, 0, 0, 0, 0, 0, 5, 27
"c:\Users\User\Desktop\KTU_BAKALAURAS\BAKALAURAS\LearnProgramming\LearnProgramming\Pages\Index.cshtml", "ASP.NET Razor", 0, 0, 0, 0, 0, 0, 9, 0, 2, 11
"c:\Users\User\Desktop\KTU_BAKALAURAS\BAKALAURAS\LearnProgramming\LearnProgramming\Pages\Index.cshtml.cs", "C#", 0, 16, 0, 0, 0, 0, 0, 0, 4, 20
"c:\Users\User\Desktop\KTU_BAKALAURAS\BAKALAURAS\LearnProgramming\LearnProgramming\Pages\Privacy.cshtml", "ASP.NET Razor", 0, 0, 0, 0, 0, 0, 7, 0, 2, 9
"c:\Users\User\Desktop\KTU_BAKALAURAS\BAKALAURAS\LearnProgramming\LearnProgramming\Pages\Privacy.cshtml.cs", "C#", 0, 16, 0, 0, 0, 0, 0, 0, 3, 19
"c:\Users\User\Desktop\KTU_BAKALAURAS\BAKALAURAS\LearnProgramming\LearnProgramming\Pages\Shared\_Layout.cshtml", "ASP.NET Razor", 0, 0, 0, 0, 0, 0, 48, 0, 3, 51
"c:\Users\User\Desktop\KTU_BAKALAURAS\BAKALAURAS\LearnProgramming\LearnProgramming\Pages\Shared\_Layout.cshtml.css", "CSS", 0, 0, 0, 0, 0, 38, 0, 2, 9, 49
"c:\Users\User\Desktop\KTU_BAKALAURAS\BAKALAURAS\LearnProgramming\LearnProgramming\Pages\Shared\_ValidationScriptsPartial.cshtml", "ASP.NET Razor", 0, 0, 0, 0, 0, 0, 2, 0, 1, 3
"c:\Users\User\Desktop\KTU_BAKALAURAS\BAKALAURAS\LearnProgramming\LearnProgramming\Pages\_ViewImports.cshtml", "ASP.NET Razor", 0, 0, 0, 0, 0, 0, 3, 0, 1, 4
"c:\Users\User\Desktop\KTU_BAKALAURAS\BAKALAURAS\LearnProgramming\LearnProgramming\Pages\_ViewStart.cshtml", "ASP.NET Razor", 0, 0, 0, 0, 0, 0, 3, 0, 1, 4
"c:\Users\User\Desktop\KTU_BAKALAURAS\BAKALAURAS\LearnProgramming\LearnProgramming\Program.cs", "C#", 0, 110, 0, 0, 0, 0, 0, 3, 14, 127
"c:\Users\User\Desktop\KTU_BAKALAURAS\BAKALAURAS\LearnProgramming\LearnProgramming\Properties\launchSettings.json", "JSON", 0, 0, 29, 0, 0, 0, 0, 0, 0, 29
"c:\Users\User\Desktop\KTU_BAKALAURAS\BAKALAURAS\LearnProgramming\LearnProgramming\appsettings.Development.json", "JSON", 0, 0, 9, 0, 0, 0, 0, 0, 1, 10
"c:\Users\User\Desktop\KTU_BAKALAURAS\BAKALAURAS\LearnProgramming\LearnProgramming\appsettings.json", "JSON", 0, 0, 16, 0, 0, 0, 0, 0, 0, 16
"c:\Users\User\Desktop\KTU_BAKALAURAS\BAKALAURAS\LearnProgramming\LearnProgramming\wwwroot\css\site.css", "CSS", 0, 0, 0, 0, 0, 15, 0, 0, 3, 18
"c:\Users\User\Desktop\KTU_BAKALAURAS\BAKALAURAS\LearnProgramming\LearnProgramming\wwwroot\js\site.js", "JavaScript", 0, 0, 0, 0, 0, 0, 0, 3, 2, 5
"c:\Users\User\Desktop\KTU_BAKALAURAS\BAKALAURAS\LearnProgramming\LearnProgramming\wwwroot\lib\bootstrap\dist\css\bootstrap-grid.css", "CSS", 0, 0, 0, 0, 0, 3855, 0, 7, 1135, 4997
"c:\Users\User\Desktop\KTU_BAKALAURAS\BAKALAURAS\LearnProgramming\LearnProgramming\wwwroot\lib\bootstrap\dist\css\bootstrap-grid.min.css", "CSS", 0, 0, 0, 0, 0, 1, 0, 6, 0, 7
"c:\Users\User\Desktop\KTU_BAKALAURAS\BAKALAURAS\LearnProgramming\LearnProgramming\wwwroot\lib\bootstrap\dist\css\bootstrap-grid.rtl.css", "CSS", 0, 0, 0, 0, 0, 3855, 0, 7, 1134, 4996
"c:\Users\User\Desktop\KTU_BAKALAURAS\BAKALAURAS\LearnProgramming\LearnProgramming\wwwroot\lib\bootstrap\dist\css\bootstrap-grid.rtl.min.css", "CSS", 0, 0, 0, 0, 0, 1, 0, 6, 0, 7
"c:\Users\User\Desktop\KTU_BAKALAURAS\BAKALAURAS\LearnProgramming\LearnProgramming\wwwroot\lib\bootstrap\dist\css\bootstrap-reboot.css", "CSS", 0, 0, 0, 0, 0, 347, 0, 16, 64, 427
"c:\Users\User\Desktop\KTU_BAKALAURAS\BAKALAURAS\LearnProgramming\LearnProgramming\wwwroot\lib\bootstrap\dist\css\bootstrap-reboot.min.css", "CSS", 0, 0, 0, 0, 0, 1, 0, 7, 0, 8
"c:\Users\User\Desktop\KTU_BAKALAURAS\BAKALAURAS\LearnProgramming\LearnProgramming\wwwroot\lib\bootstrap\dist\css\bootstrap-reboot.rtl.css", "CSS", 0, 0, 0, 0, 0, 353, 0, 8, 63, 424
"c:\Users\User\Desktop\KTU_BAKALAURAS\BAKALAURAS\LearnProgramming\LearnProgramming\wwwroot\lib\bootstrap\dist\css\bootstrap-reboot.rtl.min.css", "CSS", 0, 0, 0, 0, 0, 1, 0, 7, 0, 8
"c:\Users\User\Desktop\KTU_BAKALAURAS\BAKALAURAS\LearnProgramming\LearnProgramming\wwwroot\lib\bootstrap\dist\css\bootstrap-utilities.css", "CSS", 0, 0, 0, 0, 0, 3729, 0, 9, 1128, 4866
"c:\Users\User\Desktop\KTU_BAKALAURAS\BAKALAURAS\LearnProgramming\LearnProgramming\wwwroot\lib\bootstrap\dist\css\bootstrap-utilities.min.css", "CSS", 0, 0, 0, 0, 0, 1, 0, 6, 0, 7
"c:\Users\User\Desktop\KTU_BAKALAURAS\BAKALAURAS\LearnProgramming\LearnProgramming\wwwroot\lib\bootstrap\dist\css\bootstrap-utilities.rtl.css", "CSS", 0, 0, 0, 0, 0, 3725, 0, 7, 1125, 4857
"c:\Users\User\Desktop\KTU_BAKALAURAS\BAKALAURAS\LearnProgramming\LearnProgramming\wwwroot\lib\bootstrap\dist\css\bootstrap-utilities.rtl.min.css", "CSS", 0, 0, 0, 0, 0, 1, 0, 6, 0, 7
"c:\Users\User\Desktop\KTU_BAKALAURAS\BAKALAURAS\LearnProgramming\LearnProgramming\wwwroot\lib\bootstrap\dist\css\bootstrap.css", "CSS", 0, 0, 0, 0, 0, 9453, 0, 27, 1741, 11221
"c:\Users\User\Desktop\KTU_BAKALAURAS\BAKALAURAS\LearnProgramming\LearnProgramming\wwwroot\lib\bootstrap\dist\css\bootstrap.min.css", "CSS", 0, 0, 0, 0, 0, 2, 0, 5, 0, 7
"c:\Users\User\Desktop\KTU_BAKALAURAS\BAKALAURAS\LearnProgramming\LearnProgramming\wwwroot\lib\bootstrap\dist\css\bootstrap.rtl.css", "CSS", 0, 0, 0, 0, 0, 9455, 0, 7, 1735, 11197
"c:\Users\User\Desktop\KTU_BAKALAURAS\BAKALAURAS\LearnProgramming\LearnProgramming\wwwroot\lib\bootstrap\dist\css\bootstrap.rtl.min.css", "CSS", 0, 0, 0, 0, 0, 2, 0, 5, 0, 7
"c:\Users\User\Desktop\KTU_BAKALAURAS\BAKALAURAS\LearnProgramming\LearnProgramming\wwwroot\lib\bootstrap\dist\js\bootstrap.bundle.js", "JavaScript", 0, 0, 0, 4846, 0, 0, 0, 584, 1351, 6781
"c:\Users\User\Desktop\KTU_BAKALAURAS\BAKALAURAS\LearnProgramming\LearnProgramming\wwwroot\lib\bootstrap\dist\js\bootstrap.bundle.min.js", "JavaScript", 0, 0, 0, 1, 0, 0, 0, 6, 0, 7
"c:\Users\User\Desktop\KTU_BAKALAURAS\BAKALAURAS\LearnProgramming\LearnProgramming\wwwroot\lib\bootstrap\dist\js\bootstrap.esm.js", "JavaScript", 0, 0, 0, 3418, 0, 0, 0, 495, 1065, 4978
"c:\Users\User\Desktop\KTU_BAKALAURAS\BAKALAURAS\LearnProgramming\LearnProgramming\wwwroot\lib\bootstrap\dist\js\bootstrap.esm.min.js", "JavaScript", 0, 0, 0, 1, 0, 0, 0, 6, 0, 7
"c:\Users\User\Desktop\KTU_BAKALAURAS\BAKALAURAS\LearnProgramming\LearnProgramming\wwwroot\lib\bootstrap\dist\js\bootstrap.js", "JavaScript", 0, 0, 0, 3457, 0, 0, 0, 501, 1069, 5027
"c:\Users\User\Desktop\KTU_BAKALAURAS\BAKALAURAS\LearnProgramming\LearnProgramming\wwwroot\lib\bootstrap\dist\js\bootstrap.min.js", "JavaScript", 0, 0, 0, 1, 0, 0, 0, 6, 0, 7
"c:\Users\User\Desktop\KTU_BAKALAURAS\BAKALAURAS\LearnProgramming\LearnProgramming\wwwroot\lib\jquery-validation-unobtrusive\jquery.validate.unobtrusive.js", "JavaScript", 0, 0, 0, 306, 0, 0, 0, 73, 54, 433
"c:\Users\User\Desktop\KTU_BAKALAURAS\BAKALAURAS\LearnProgramming\LearnProgramming\wwwroot\lib\jquery-validation-unobtrusive\jquery.validate.unobtrusive.min.js", "JavaScript", 0, 0, 0, 1, 0, 0, 0, 4, 1, 6
"c:\Users\User\Desktop\KTU_BAKALAURAS\BAKALAURAS\LearnProgramming\LearnProgramming\wwwroot\lib\jquery-validation\LICENSE.md", "Markdown", 0, 0, 0, 0, 18, 0, 0, 0, 5, 23
"c:\Users\User\Desktop\KTU_BAKALAURAS\BAKALAURAS\LearnProgramming\LearnProgramming\wwwroot\lib\jquery-validation\dist\additional-methods.js", "JavaScript", 0, 0, 0, 630, 0, 0, 0, 395, 133, 1158
"c:\Users\User\Desktop\KTU_BAKALAURAS\BAKALAURAS\LearnProgramming\LearnProgramming\wwwroot\lib\jquery-validation\dist\additional-methods.min.js", "JavaScript", 0, 0, 0, 1, 0, 0, 0, 3, 0, 4
"c:\Users\User\Desktop\KTU_BAKALAURAS\BAKALAURAS\LearnProgramming\LearnProgramming\wwwroot\lib\jquery-validation\dist\jquery.validate.js", "JavaScript", 0, 0, 0, 1184, 0, 0, 0, 183, 234, 1601
"c:\Users\User\Desktop\KTU_BAKALAURAS\BAKALAURAS\LearnProgramming\LearnProgramming\wwwroot\lib\jquery-validation\dist\jquery.validate.min.js", "JavaScript", 0, 0, 0, 1, 0, 0, 0, 3, 0, 4
"c:\Users\User\Desktop\KTU_BAKALAURAS\BAKALAURAS\LearnProgramming\LearnProgramming\wwwroot\lib\jquery\dist\jquery.js", "JavaScript", 0, 0, 0, 6906, 0, 0, 0, 1890, 2077, 10873
"c:\Users\User\Desktop\KTU_BAKALAURAS\BAKALAURAS\LearnProgramming\LearnProgramming\wwwroot\lib\jquery\dist\jquery.min.js", "JavaScript", 0, 0, 0, 1, 0, 0, 0, 1, 1, 3
"Total", "-", 163, 7894, 54, 20754, 18, 34835, 95, 4315, 16240, 84368